{
  "$schema": "https://raw.githubusercontent.com/DotNetAnalyzers/StyleCopAnalyzers/master/StyleCop.Analyzers/StyleCop.Analyzers/Settings/stylecop.schema.json",
  "settings": {
    "documentationRules": {
      "documentExposedElements": false,
      "documentInternalElements": false,
      "documentInterfaces": false,
      "documentPrivateElements": false,
      "documentPrivateFields": false
    },
    "namingRules": {
      "allowCommonHungarianPrefixes": false
    },
    "orderingRules": {
      "usingDirectivesPlacement": "insideNamespace",
      "blankLinesBetweenUsingGroups": "omit"
    }
  }
}